iter	MultiClass
0	2.175890247
500	1.105890632
1000	1.060941005
1500	1.037239569
2000	1.020543166
2085	1.018030747
